<?xml version="1.0" encoding="UTF-8" standalone="yes"?>
<addon id="plugin.video.+18Play"
name="[B][COLOR white]+18 PLAY[/COLOR][/B]"
version="1.9"
provider-name="[B][COLOR white]Brazuca Play[/COLOR][/B]">
<requires>
<import addon="xbmc.python" version="2.25.0"/>
<import addon="script.module.t0mm0.common"/>
<import addon="script.module.beautifulsoup"/>
<import addon="script.module.beautifulsoup4"/>
<import addon="script.module.simple.downloader"/>
<import addon="script.module.requests"/>
<import addon="script.module.httplib2"/>
<import addon="script.module.urlresolver"/>
<import addon="script.module.simplejson"/>
<import addon="script.common.plugin.cache"/>
<import addon="script.module.metahandler"/>
</requires>
<extension point="xbmc.python.pluginsource" library="default.py">
<provides>video</provides>
</extension>
<extension point="xbmc.addon.metadata">
<summary>[B][COLOR white]Addon de canais adultos.[/COLOR]</summary>
<description lang="pt">[B][COLOR white]Brazuca Play +18.[/COLOR][/B]</description>
<disclaimer lang="en">[B][COLOR white]OBRIGADO POR USAR NOSSO ADD-ON > DOAÇÕES: [/COLOR][COLOR gold]BIT.LY/BRPLAY[/COLOR][/B]</disclaimer>
<platform>all</platform>
<assets>
<icon>icon.png</icon>
<fanart>fanart.jpg</fanart>
<screenshot>resources/screenshots/inicial.png</screenshot>
<screenshot>resources/screenshots/channel.png</screenshot>
<screenshot>resources/screenshots/ondemand.png</screenshot>
</assets>
</extension>
</addon>