<?xml version="1.0" ?>
<addon id="repository.atto.team2.repository"
name="[B][COLOR white]BRAZUCA PLAY[/COLOR][/B]"
provider-name="[B][COLOR white]LUCAS CARDOSO[/COLOR][/B]"
version="[B][COLOR white]1.0[/COLOR][/B]">
<extension point="xbmc.addon.repository" name="Atto - Team2 Repository">
<info compressed="true">https://raw.githubusercontent.com/skyrisk/brazucaplay/master/repo/addons.xml</info>
<checksum>https://raw.githubusercontent.com/skyrisk/brazucaplay/master/repo/addons.xml.md5</checksum>
<datadir zip="true">https://raw.githubusercontent.com/skyrisk/brazucaplay/master/repo/</datadir>
<hashes>false</hashes>
</extension>
<extension point="xbmc.addon.metadata">
<summary>Plugins para Atto Pixel e clones do Atto.</summary>
<description>Atto Pixel, a unica do mercado com o melhor processador Dolby Vision Full HDR 10-bit. Olha a diferença.</description>
<platform>all</platform>
</extension>
</addon>