﻿<?xml version="1.0" encoding="UTF-8" standalone="yes"?>
<addon id="repository.BrazucaPlay"
name="[B][COLOR white]BRAZUCA PLAY[/COLOR][/B]"
version="1.0"
provider-name="Brazuca Play">
<requires>
<import addon="xbmc.python" version="2.1.0"/>
<import addon="script.module.beautifulsoup"/>
<import addon="script.module.simple.downloader"/>
<import addon="script.module.t0mm0.common"/>
<import addon="script.module.beautifulsoup4"/>
<import addon="script.module.requests"/>
<import addon="script.module.httplib2"/>
<import addon="script.module.simple.downloader"/>
<import addon="script.module.urlresolver"/>
<import addon="script.module.simplejson"/>    
<import addon="script.module.livestreamer"/>
<import addon="script.module.pyamf"/>
<import addon="script.common.plugin.cache"/>
<import addon="script.module.metahandler"/>
<import addon="script.module.addon.common"/>
<import addon="script.module.addon.signals"/>
</requires>
<extension point="xbmc.addon.repository" name="REPOSITÓRIO BRAZUCA PLAY">
<info compressed="false">https://raw.githubusercontent.com/skyrisk/brazucaplay/master/addons/repo/addons.xml</info>
<checksum>https://raw.githubusercontent.com/skyrisk/brazucaplay/master/addons/repo/addons.xml.md5</checksum>
<datadir zip="true">https://raw.githubusercontent.com/skyrisk/brazucaplay/master/addons/repo/Plugins/</datadir>
</extension>
<extension point="xbmc.addon.metadata">
<news>
[B][COLOR white]V1.0 - VERSÃO BETA DO REPOSITÓRIO BRAZUCA PLAY.[/COLOR][/B]
</news>
<summary>Brazuca Play</summary>
<description>[B][COLOR white]REPOSITÓRIO OFICIAL DO BRAZUCA PLAY - 2019[/COLOR][/B]</description>
<disclaimer></disclaimer>
<platform>all</platform>
<assets>
<icon>icon.png</icon>
<fanart>fanart.jpg</fanart>
<screenshot>resources/home.png</screenshot>
<screenshot>resources/movies.png</screenshot>
<screenshot>resources/series.png</screenshot>
</assets>
</extension>
</addon>